<?xml version="1.0" encoding="UTF-8"?>
<kcfg xmlns="http://www.kde.org/standards/kcfg/1.0"
      xmlns:xsi="http://www.w3.org/2001/XMLSchema-instance"
      xsi:schemaLocation="http://www.kde.org/standards/kcfg/1.0
      http://www.kde.org/standards/kcfg/1.0/kcfg.xsd" >
    <kcfgfile name=""/>

    <group name="General">

        <entry name="background" type="int">
			<label>NoBackground = 0, StandardBackground = 1, TranslucentBackground = 2, ShadowBackground = 4</label>
			<default>0</default>
		</entry>

        <entry name="apiKey" type="string">
            <default></default>
        </entry>

        <entry name="updateInterval" type="Int">
            <default>30</default>
        </entry>
        
        <entry name="cityName" type="string">
            <default></default>
        </entry>
        
        <entry name="countryCode" type="string">
            <default></default>
        </entry>
        
        <entry name="apiLang" type="string">
            <default></default>
        </entry>
        
        <entry name="font1" type="Font">
            <default>Montserrat</default>
        </entry>

        <entry name="font1Size" type="Double">
            <default>100</default>
        </entry>
        
        <entry name="font2" type="Font">
            <default>Bebas Neue</default>
        </entry>

        <entry name="font2Size" type="Double">
            <default>100</default>
        </entry>

        <entry name="font3" type="Font">
            <default>Encode Sans Expanded</default>
        </entry>

        <entry name="font3Size" type="Double">
            <default>100</default>
        </entry>

        <entry name="useSystemColorForText" type="bool">
            <default>true</default>
        </entry>
        <entry name="textColor" type="string">
            <default></default>
        </entry>

        <entry name="useSystemHG" type="bool">
            <default>true</default>
        </entry>
        <entry name="hgColor" type="string">
            <default></default>
        </entry>

        <entry name="iconHasColor" type="bool">
            <default>false</default>
        </entry>
        <entry name="iconColor" type="string">
            <default></default>
        </entry>

        <entry name="dateFormat" type="string">
            <default>MMMM dd</default>
        </entry>

        <entry name="timeFormat" type="string">
            <default>hh:mm:ss</default>
        </entry>
        
		<!-- See https://github.com/KDE/kunitconversion/blob/master/src/unit.h -->
		<entry name="temperatureUnitId" type="int">
			<label>LocaleDefault = 0, Kelvin = 6000, Celsius = 6001, Fahrenheit = 6002</label>
			<default>0</default>
		</entry>
		<entry name="windSpeedUnitId" type="int">
			<label>LocaleDefault = 0, MeterPerSecond = 9000, KilometerPerHour = 9001, MilePerHour = 9002, Knot = 9005, Beaufort = 9008</label>
			<default>0</default>
		</entry>
		<entry name="pressureUnitId" type="int">
			<label>LocaleDefault = 0, Hectopascal = 5008, Kilopascal = 5007, Millibar = 5022, InchesOfMercury = 5028</label>
			<default>0</default>
		</entry>
		<entry name="visibilityUnitId" type="int">
			<label>LocaleDefault = 0, Kilometer = 2007, Mile = 2024</label>
			<default>0</default>
		</entry>

    </group>
    
</kcfg>
