{"calendarDayTemperatureMax":[74,92,90,85,81,83],"calendarDayTemperatureMin":[68,62,63,70,73,73],"dayOfWeek":["Friday","Saturday","Sunday","Monday","Tuesday","Wednesday"],"expirationTimeUtc":[1697868731,1697868731,1697868731,1697868731,1697868731,1697868731],"moonPhase":["Waxing Crescent","First Quarter","Waxing Gibbous","Waxing Gibbous","Waxing Gibbous","Waxing Gibbous"],"moonPhaseCode":["WXC","FQ","WXG","WXG","WXG","WXG"],"moonPhaseDay":[6,7,8,9,10,11],"moonriseTimeLocal":["2023-10-20T13:18:13-0500","2023-10-21T14:13:31-0500","2023-10-22T15:01:34-0500","2023-10-23T15:43:23-0500","2023-10-24T16:20:51-0500","2023-10-25T16:54:46-0500"],"moonriseTimeUtc":[1697825893,1697915611,1698004894,1698093803,1698182451,1698270886],"moonsetTimeLocal":["2023-10-20T23:20:02-0500","","2023-10-22T00:27:29-0500","2023-10-23T01:36:15-0500","2023-10-24T02:45:43-0500","2023-10-25T03:53:19-0500"],"moonsetTimeUtc":[1697862002,null,1697952449,1698042975,1698133543,1698223999],"narrative":["Mostly clear. Lows overnight in the low 60s.","Partly cloudy. Highs in the low 90s and lows in the low 70s.","Cloudy. Highs in the mid 80s and lows in the mid 70s.","Partly cloudy with a stray thunderstorm. Highs in the low 80s and lows in the low 70s.","Partly cloudy. Highs in the low 80s and lows in the low 70s.","Partly cloudy. Highs in the mid 80s and lows in the low 70s."],"qpf":[0.0,0.0,0.0,0.06,0.0,0.03],"qpfSnow":[0.0,0.0,0.0,0.0,0.0,0.0],"sunriseTimeLocal":["2023-10-20T07:24:48-0500","2023-10-21T07:25:28-0500","2023-10-22T07:26:09-0500","2023-10-23T07:26:50-0500","2023-10-24T07:27:32-0500","2023-10-25T07:28:14-0500"],"sunriseTimeUtc":[1697804688,1697891128,1697977569,1698064010,1698150452,1698236894],"sunsetTimeLocal":["2023-10-20T18:44:51-0500","2023-10-21T18:43:52-0500","2023-10-22T18:42:53-0500","2023-10-23T18:41:55-0500","2023-10-24T18:40:58-0500","2023-10-25T18:40:02-0500"],"sunsetTimeUtc":[1697845491,1697931832,1698018173,1698104515,1698190858,1698277202],"temperatureMax":[null,90,85,81,83,84],"temperatureMin":[63,70,74,73,73,72],"validTimeLocal":["2023-10-20T07:00:00-0500","2023-10-21T07:00:00-0500","2023-10-22T07:00:00-0500","2023-10-23T07:00:00-0500","2023-10-24T07:00:00-0500","2023-10-25T07:00:00-0500"],"validTimeUtc":[1697803200,1697889600,1697976000,1698062400,1698148800,1698235200],"daypart":[{"cloudCover":[null,15,50,82,79,84,78,55,39,40,46,39],"dayOrNight":[null,"N","D","N","D","N","D","N","D","N","D","N"],"daypartName":[null,"Tonight","Tomorrow","Tomorrow night","Sunday","Sunday night","Monday","Monday night","Tuesday","Tuesday night","Wednesday","Wednesday night"],"iconCode":[null,33,30,26,26,26,37,29,30,29,30,45],"iconCodeExtend":[null,3300,3000,2600,2600,2600,3700,2900,3000,2900,3000,7100],"narrative":[null,"Generally clear skies. Low 63F. Winds light and variable.","Partly cloudy skies. Near record high temperatures. High around 90F. Winds SSW at 10 to 20 mph.","Cloudy. Low near 70F. Winds S at 5 to 10 mph.","Cloudy skies. High around 85F. Winds SSE at 10 to 20 mph.","Cloudy. A stray shower or thunderstorm is possible. Low 74F. Winds SE at 5 to 10 mph.","Isolated thunderstorms in the morning. Skies will become partly cloudy later in the day. High 81F. Winds SE at 15 to 25 mph. Chance of rain 30%.","Partly cloudy. Low 73F. Winds SE at 10 to 15 mph.","Partly cloudy skies. High 83F. Winds SE at 15 to 25 mph.","A few clouds. Low 73F. Winds ESE at 10 to 20 mph.","Sunshine and clouds mixed. Slight chance of a rain shower. High 84F. Winds SE at 15 to 25 mph.","Partly cloudy skies early will give way to occasional showers later during the night. Low 72F. Winds ESE at 10 to 15 mph. Chance of rain 50%."],"precipChance":[null,2,9,11,9,24,33,10,15,13,24,45],"precipType":[null,"rain","rain","rain","rain","rain","rain","rain","rain","rain","rain","rain"],"qpf":[null,0.0,0.0,0.0,0.0,0.0,0.06,0.0,0.0,0.0,0.0,0.03],"qpfSnow":[null,0.0,0.0,0.0,0.0,0.0,0.0,0.0,0.0,0.0,0.0,0.0],"qualifierCode":[null,null,"Q615",null,null,"Q8001",null,null,null,null,"Q5015",null],"qualifierPhrase":[null,null,"Near record high temperatures.",null,null,"A stray shower or thunderstorm is possible.",null,null,null,null,"Slight chance of a rain shower.",null],"relativeHumidity":[null,86,59,87,74,85,76,85,69,83,72,90],"snowRange":[null,"","","","","","","","","","",""],"temperature":[null,63,90,70,85,74,81,73,83,73,84,72],"temperatureHeatIndex":[null,69,90,83,87,80,85,80,86,81,87,81],"temperatureWindChill":[null,63,64,70,71,74,75,73,74,73,74,72],"thunderCategory":[null,"No thunder","No thunder","No thunder","No thunder","Thunder possible","Thunder expected","No thunder","No thunder","No thunder","No thunder","No thunder"],"thunderIndex":[null,0,0,0,0,1,2,0,0,0,0,0],"uvDescription":[null,"Low","High","Low","Moderate","Low","Moderate","Low","High","Low","High","Low"],"uvIndex":[null,0,6,0,5,0,4,0,7,0,6,0],"windDirection":[null,258,212,190,152,135,136,126,131,123,128,122],"windDirectionCardinal":[null,"WSW","SSW","S","SSE","SE","SE","SE","SE","ESE","SE","ESE"],"windPhrase":[null,"Winds light and variable.","Winds SSW at 10 to 20 mph.","Winds S at 5 to 10 mph.","Winds SSE at 10 to 20 mph.","Winds SE at 5 to 10 mph.","Winds SE at 15 to 25 mph.","Winds SE at 10 to 15 mph.","Winds SE at 15 to 25 mph.","Winds ESE at 10 to 20 mph.","Winds SE at 15 to 25 mph.","Winds ESE at 10 to 15 mph."],"windSpeed":[null,4,14,8,16,9,18,12,20,14,17,12],"wxPhraseLong":[null,"Mostly Clear","Partly Cloudy","Cloudy","Cloudy","Cloudy","Isolated Thunderstorms","Partly Cloudy","Partly Cloudy","Partly Cloudy","Partly Cloudy","Showers Late"],"wxPhraseShort":[null,"M Clear","P Cloudy","Cloudy","Cloudy","Cloudy","Iso T-Storms","P Cloudy","P Cloudy","P Cloudy","P Cloudy","Shwrs Late"]}]}