[{"start":"2022-10-26","end":"2022-10-27","summary":"\ud83c\udf82  Cindy Mitchell's Birthday"},{"start":"2022-10-31","end":"2022-11-01","summary":"\ud83c\udf83 Halloween"},{"start":"2022-11-06","end":"2022-11-07","summary":"\u23f0 Daylight Savings Time"},{"start":"2022-11-10","end":"2022-11-11","summary":"Insurance Payment"},{"start":"2022-11-11","end":"2022-11-12","summary":"\ud83c\uddfa\ud83c\uddf8 Veterans Day"},{"start":"2022-11-22","end":"2022-11-23","summary":"Beaujolais nouveau wine"},{"start":"2022-11-23","end":"2022-11-24","summary":"\ud83c\udf82  Judy Evans's Birthday"},{"start":"2022-11-24","end":"2022-11-25","summary":"\ud83c\udf82  Paul Clark III"},{"start":"2022-11-24","end":"2022-11-25","summary":"\ud83e\udd83 Thanksgiving Day"},{"start":"2022-12-01","end":"2022-12-02","summary":"Rosa Parks Day"},{"start":"2022-12-06","end":"2022-12-07","summary":"St. Nicholas Day"},{"start":"2022-12-10","end":"2022-12-11","summary":"Insurance Payment"},{"start":"2022-12-12","end":"2022-12-13","summary":"\ud83c\udf82  Geoff Simon"},{"start":"2022-12-16","end":"2022-12-17","summary":"\ud83c\udf82  Andrew Taylor"},{"start":"2022-12-22","end":"2022-12-23","summary":"\ud83c\udf82 Lynda Taylor"},{"start":"2022-12-24","end":"2022-12-25","summary":"\ud83c\udf85\ud83c\udffb Christmas Eve"},{"start":"2022-12-25","end":"2022-12-26","summary":"\ud83c\udf84 Christmas Day"},{"start":"2022-12-26","end":"2022-12-27","summary":"Boxing Day"},{"start":"2023-01-01","end":"2023-01-02","summary":"\ud83c\udf8a New Year's Day"},{"start":"2023-01-10","end":"2023-01-11","summary":"Insurance Payment"},{"start":"2023-01-16","end":"2023-01-17","summary":"\ud83c\udf82 Mom"},{"start":"2023-01-16","end":"2023-01-17","summary":"M L King Day"},{"start":"2023-01-17","end":"2023-01-18","summary":"\ud83c\udf82 Chuck Coxie"},{"start":"2023-01-19","end":"2023-01-20","summary":"Carpe Diem!"},{"start":"2023-01-21","end":"2023-01-22","summary":"\ud83c\udf82 Johnny Taylor's Birthday "},{"start":"2023-02-02","end":"2023-02-03","summary":"Groundhog Day"},{"start":"2023-02-10","end":"2023-02-11","summary":"Insurance Payment"},{"start":"2023-02-11","end":"2023-02-12","summary":"\ud83c\udf82  Dads Birthday"},{"start":"2023-02-14","end":"2023-02-15","summary":"\ud83d\udc98 Valentine's Day"},{"start":"2023-02-20","end":"2023-02-21","summary":"\ud83c\udf82 Travis Mitchell's Birthday "},{"start":"2023-02-20","end":"2023-02-21","summary":"\ud83c\uddfa\ud83c\uddf8 Presidents' Day"},{"start":"2023-03-02","end":"2023-03-03","summary":"\ud83c\udf82 Joe Childers's III Birthday"},{"start":"2023-03-10","end":"2023-03-11","summary":"Insurance Payment"},{"start":"2023-03-11","end":"2023-03-12","summary":"\ud83c\udf82  Zach Taylor's Birthday"},{"start":"2023-03-12T03:00:00-05:00","end":"2023-03-12T03:15:00-05:00","summary":"\u23f0 Daylight Savings Time"},{"start":"2023-03-15","end":"2023-03-16","summary":"\ud83c\udf82  Earl Estep's Birthday"},{"start":"2023-03-17","end":"2023-03-18","summary":"\ud83c\udf40 St. Patricks day"},{"start":"2023-03-18","end":"2023-03-19","summary":"\ud83c\udf82  Katie Taylor's Birthday"},{"start":"2023-03-22","end":"2023-03-23","summary":"\ud83c\udf82  Kathy Clark's Birthday"},{"start":"2023-04-01","end":"2023-04-02","summary":"April Fools' Day"},{"start":"2023-04-10","end":"2023-04-11","summary":"Insurance Payment"},{"start":"2023-04-13","end":"2023-04-14","summary":"\ud83c\udf82  Nick Taylor's Birthday"},{"start":"2023-04-13","end":"2023-04-14","summary":"Thomas Jefferson's Birthday"},{"start":"2023-04-22","end":"2023-04-23","summary":"\u267b Earth Day"},{"start":"2023-04-28","end":"2023-04-29","summary":"\ud83c\udf82  Bridget Hemmeline's Birthday"},{"start":"2023-05-01","end":"2023-05-02","summary":"May Day"},{"start":"2023-05-04","end":"2023-05-05","summary":"\ud83c\udf82  Chase Taylor's Birthday"},{"start":"2023-05-05","end":"2023-05-06","summary":"\ud83c\uddf2\ud83c\uddfd Cinco De Mayo"},{"start":"2023-05-10","end":"2023-05-11","summary":"Insurance Payment"},{"start":"2023-05-14","end":"2023-05-15","summary":"\ud83c\udf3a Mother's Day"},{"start":"2023-05-28","end":"2023-05-29","summary":"Brad"},{"start":"2023-05-29","end":"2023-05-30","summary":"\ud83c\uddfa\ud83c\uddf8 Memorial Day"},{"start":"2023-06-06","end":"2023-06-07","summary":"\ud83c\uddfa\ud83c\uddf8 D-Day"},{"start":"2023-06-10","end":"2023-06-11","summary":"Insurance Payment"},{"start":"2023-06-14","end":"2023-06-15","summary":"\ud83c\uddfa\ud83c\uddf8 Flag Day"},{"start":"2023-06-18","end":"2023-06-19","summary":"\ud83c\udf7a Father's Day"},{"start":"2023-06-23","end":"2023-06-24","summary":"\ud83c\udf82  David Mounts's Birthday"},{"start":"2023-07-04","end":"2023-07-05","summary":"\ud83c\uddfa\ud83c\uddf8 Independence Day"},{"start":"2023-07-08","end":"2023-07-09","summary":"\ud83c\udf82  Grandma Tidwell's Birthday"},{"start":"2023-07-10","end":"2023-07-11","summary":"Insurance Payment"},{"start":"2023-08-05","end":"2023-08-06","summary":"\ud83c\udf82  Jennifer Taylor's Birthday"},{"start":"2023-08-06","end":"2023-08-07","summary":"\ud83c\udf82 Chase Taylor's Birthday"},{"start":"2023-08-06","end":"2023-08-07","summary":"\ud83c\udf82  Christine Guidroiz's Birthday"},{"start":"2023-08-07","end":"2023-08-08","summary":"Purple Heart Day"},{"start":"2023-08-09","end":"2023-08-10","summary":"\ud83c\udf82  Natalie Taylor's Birthday"},{"start":"2023-08-10","end":"2023-08-11","summary":"Insurance Payment"},{"start":"2023-09-01","end":"2023-09-02","summary":"\ud83c\udf82  Susan Oneil's Birthday"},{"start":"2023-09-04","end":"2023-09-05","summary":"\ud83c\udf82  Sheri McNiel's Birthday"},{"start":"2023-09-04","end":"2023-09-05","summary":"\ud83c\uddfa\ud83c\uddf8 Labor Day"},{"start":"2023-09-06","end":"2023-09-07","summary":"\ud83c\udf82  Angie Clark's Birthday"},{"start":"2023-09-10","end":"2023-09-11","summary":"Insurance Payment"},{"start":"2023-09-11","end":"2023-09-12","summary":"\ud83c\uddfa\ud83c\uddf8 September 11th (Patriot Day)"},{"start":"2023-09-12","end":"2023-09-13","summary":"Carpe Diem!"},{"start":"2023-09-21","end":"2023-09-22","summary":"\ud83c\udf82  Diane Tweedle's Birthday"},{"start":"2023-09-23","end":"2023-09-24","summary":"\ud83c\udf82  Misty Guidroz's Birthday"},{"start":"2023-10-03","end":"2023-10-04","summary":"\ud83c\udf82  Murline Staley's Birthday"},{"start":"2023-10-09","end":"2023-10-10","summary":"\ud83c\udf82  Brad,Nathan Brenda Taylor's Birthday"},{"start":"2023-10-10","end":"2023-10-11","summary":"Insurance Payment"},{"start":"2023-10-16T00:00:00-05:00","end":"2023-10-17T00:00:00-05:00","summary":"Dad"},{"start":"2023-10-26","end":"2023-10-27","summary":"\ud83c\udf82  Cindy Mitchell's Birthday"},{"start":"2023-10-31","end":"2023-11-01","summary":"\ud83c\udf83 Halloween"},{"start":"2023-11-05","end":"2023-11-06","summary":"\u23f0 Daylight Savings Time"},{"start":"2023-11-10","end":"2023-11-11","summary":"Insurance Payment"},{"start":"2023-11-11","end":"2023-11-12","summary":"\ud83c\uddfa\ud83c\uddf8 Veterans Day"},{"start":"2023-11-23","end":"2023-11-24","summary":"\ud83c\udf82  Judy Evans's Birthday"},{"start":"2023-11-23","end":"2023-11-24","summary":"\ud83e\udd83 Thanksgiving Day"},{"start":"2023-11-24","end":"2023-11-25","summary":"\ud83c\udf82  Paul Clark III"},{"start":"2023-12-01","end":"2023-12-02","summary":"Rosa Parks Day"},{"start":"2023-12-06","end":"2023-12-07","summary":"St. Nicholas Day"},{"start":"2023-12-10","end":"2023-12-11","summary":"Insurance Payment"},{"start":"2023-12-12","end":"2023-12-13","summary":"\ud83c\udf82  Geoff Simon"},{"start":"2023-12-16","end":"2023-12-17","summary":"\ud83c\udf82  Andrew Taylor"},{"start":"2023-12-22","end":"2023-12-23","summary":"\ud83c\udf82 Lynda Taylor"},{"start":"2023-12-24","end":"2023-12-25","summary":"\ud83c\udf85\ud83c\udffb Christmas Eve"},{"start":"2023-12-25","end":"2023-12-26","summary":"\ud83c\udf84 Christmas Day"},{"start":"2023-12-26","end":"2023-12-27","summary":"Boxing Day"},{"start":"2024-01-01","end":"2024-01-02","summary":"\ud83c\udf8a New Year's Day"},{"start":"2024-01-10","end":"2024-01-11","summary":"Insurance Payment"},{"start":"2024-01-15","end":"2024-01-16","summary":"M L King Day"},{"start":"2024-01-16","end":"2024-01-17","summary":"\ud83c\udf82 Mom"},{"start":"2024-01-17","end":"2024-01-18","summary":"\ud83c\udf82 Chuck Coxie"},{"start":"2024-01-19","end":"2024-01-20","summary":"Carpe Diem!"},{"start":"2024-01-21","end":"2024-01-22","summary":"\ud83c\udf82 Johnny Taylor's Birthday "},{"start":"2024-02-02","end":"2024-02-03","summary":"Groundhog Day"},{"start":"2024-02-10","end":"2024-02-11","summary":"Insurance Payment"},{"start":"2024-02-11","end":"2024-02-12","summary":"\ud83c\udf82  Dads Birthday"},{"start":"2024-02-14","end":"2024-02-15","summary":"\ud83d\udc98 Valentine's Day"},{"start":"2024-02-19","end":"2024-02-20","summary":"\ud83c\uddfa\ud83c\uddf8 Presidents' Day"},{"start":"2024-02-20","end":"2024-02-21","summary":"\ud83c\udf82 Travis Mitchell's Birthday "},{"start":"2024-03-02","end":"2024-03-03","summary":"\ud83c\udf82 Joe Childers's III Birthday"},{"start":"2024-03-10","end":"2024-03-11","summary":"Insurance Payment"},{"start":"2024-03-10T03:00:00-05:00","end":"2024-03-10T03:15:00-05:00","summary":"\u23f0 Daylight Savings Time"},{"start":"2024-03-11","end":"2024-03-12","summary":"\ud83c\udf82  Zach Taylor's Birthday"},{"start":"2024-03-15","end":"2024-03-16","summary":"\ud83c\udf82  Earl Estep's Birthday"},{"start":"2024-03-17","end":"2024-03-18","summary":"\ud83c\udf40 St. Patricks day"},{"start":"2024-03-18","end":"2024-03-19","summary":"\ud83c\udf82  Katie Taylor's Birthday"},{"start":"2024-03-22","end":"2024-03-23","summary":"\ud83c\udf82  Kathy Clark's Birthday"},{"start":"2024-04-01","end":"2024-04-02","summary":"April Fools' Day"},{"start":"2024-04-10","end":"2024-04-11","summary":"Insurance Payment"},{"start":"2024-04-13","end":"2024-04-14","summary":"\ud83c\udf82  Nick Taylor's Birthday"},{"start":"2024-04-13","end":"2024-04-14","summary":"Thomas Jefferson's Birthday"},{"start":"2024-04-22","end":"2024-04-23","summary":"\u267b Earth Day"},{"start":"2024-04-28","end":"2024-04-29","summary":"\ud83c\udf82  Bridget Hemmeline's Birthday"},{"start":"2024-05-01","end":"2024-05-02","summary":"May Day"},{"start":"2024-05-04","end":"2024-05-05","summary":"\ud83c\udf82  Chase Taylor's Birthday"},{"start":"2024-05-05","end":"2024-05-06","summary":"\ud83c\uddf2\ud83c\uddfd Cinco De Mayo"},{"start":"2024-05-10","end":"2024-05-11","summary":"Insurance Payment"},{"start":"2024-05-12","end":"2024-05-13","summary":"\ud83c\udf3a Mother's Day"},{"start":"2024-05-27","end":"2024-05-28","summary":"\ud83c\uddfa\ud83c\uddf8 Memorial Day"},{"start":"2024-05-28","end":"2024-05-29","summary":"Brad"},{"start":"2024-06-06","end":"2024-06-07","summary":"\ud83c\uddfa\ud83c\uddf8 D-Day"},{"start":"2024-06-10","end":"2024-06-11","summary":"Insurance Payment"},{"start":"2024-06-14","end":"2024-06-15","summary":"\ud83c\uddfa\ud83c\uddf8 Flag Day"},{"start":"2024-06-16","end":"2024-06-17","summary":"\ud83c\udf7a Father's Day"},{"start":"2024-06-23","end":"2024-06-24","summary":"\ud83c\udf82  David Mounts's Birthday"},{"start":"2024-07-04","end":"2024-07-05","summary":"\ud83c\uddfa\ud83c\uddf8 Independence Day"},{"start":"2024-07-08","end":"2024-07-09","summary":"\ud83c\udf82  Grandma Tidwell's Birthday"},{"start":"2024-07-10","end":"2024-07-11","summary":"Insurance Payment"},{"start":"2024-08-05","end":"2024-08-06","summary":"\ud83c\udf82  Jennifer Taylor's Birthday"},{"start":"2024-08-06","end":"2024-08-07","summary":"\ud83c\udf82 Chase Taylor's Birthday"},{"start":"2024-08-06","end":"2024-08-07","summary":"\ud83c\udf82  Christine Guidroiz's Birthday"},{"start":"2024-08-07","end":"2024-08-08","summary":"Purple Heart Day"},{"start":"2024-08-09","end":"2024-08-10","summary":"\ud83c\udf82  Natalie Taylor's Birthday"},{"start":"2024-08-10","end":"2024-08-11","summary":"Insurance Payment"},{"start":"2024-09-01","end":"2024-09-02","summary":"\ud83c\udf82  Susan Oneil's Birthday"},{"start":"2024-09-02","end":"2024-09-03","summary":"\ud83c\uddfa\ud83c\uddf8 Labor Day"},{"start":"2024-09-04","end":"2024-09-05","summary":"\ud83c\udf82  Sheri McNiel's Birthday"},{"start":"2024-09-06","end":"2024-09-07","summary":"\ud83c\udf82  Angie Clark's Birthday"},{"start":"2024-09-10","end":"2024-09-11","summary":"Insurance Payment"},{"start":"2024-09-11","end":"2024-09-12","summary":"\ud83c\uddfa\ud83c\uddf8 September 11th (Patriot Day)"},{"start":"2024-09-12","end":"2024-09-13","summary":"Carpe Diem!"},{"start":"2024-09-21","end":"2024-09-22","summary":"\ud83c\udf82  Diane Tweedle's Birthday"},{"start":"2024-09-23","end":"2024-09-24","summary":"\ud83c\udf82  Misty Guidroz's Birthday"},{"start":"2024-10-03","end":"2024-10-04","summary":"\ud83c\udf82  Murline Staley's Birthday"},{"start":"2024-10-09","end":"2024-10-10","summary":"\ud83c\udf82  Brad,Nathan Brenda Taylor's Birthday"},{"start":"2024-10-10","end":"2024-10-11","summary":"Insurance Payment"},{"start":"2024-10-16T00:00:00-05:00","end":"2024-10-17T00:00:00-05:00","summary":"Dad"},{"start":"2024-10-26","end":"2024-10-27","summary":"\ud83c\udf82  Cindy Mitchell's Birthday"},{"start":"2024-10-31","end":"2024-11-01","summary":"\ud83c\udf83 Halloween"},{"start":"2024-11-03","end":"2024-11-04","summary":"\u23f0 Daylight Savings Time"},{"start":"2024-11-10","end":"2024-11-11","summary":"Insurance Payment"},{"start":"2024-11-11","end":"2024-11-12","summary":"\ud83c\uddfa\ud83c\uddf8 Veterans Day"},{"start":"2024-11-23","end":"2024-11-24","summary":"\ud83c\udf82  Judy Evans's Birthday"},{"start":"2024-11-24","end":"2024-11-25","summary":"\ud83c\udf82  Paul Clark III"},{"start":"2024-11-28","end":"2024-11-29","summary":"\ud83e\udd83 Thanksgiving Day"},{"start":"2024-12-01","end":"2024-12-02","summary":"Rosa Parks Day"},{"start":"2024-12-06","end":"2024-12-07","summary":"St. Nicholas Day"},{"start":"2024-12-10","end":"2024-12-11","summary":"Insurance Payment"},{"start":"2024-12-12","end":"2024-12-13","summary":"\ud83c\udf82  Geoff Simon"},{"start":"2024-12-16","end":"2024-12-17","summary":"\ud83c\udf82  Andrew Taylor"},{"start":"2024-12-22","end":"2024-12-23","summary":"\ud83c\udf82 Lynda Taylor"},{"start":"2024-12-24","end":"2024-12-25","summary":"\ud83c\udf85\ud83c\udffb Christmas Eve"},{"start":"2024-12-25","end":"2024-12-26","summary":"\ud83c\udf84 Christmas Day"},{"start":"2024-12-26","end":"2024-12-27","summary":"Boxing Day"},{"start":"2025-01-01","end":"2025-01-02","summary":"\ud83c\udf8a New Year's Day"},{"start":"2025-01-10","end":"2025-01-11","summary":"Insurance Payment"},{"start":"2025-01-16","end":"2025-01-17","summary":"\ud83c\udf82 Mom"},{"start":"2025-01-17","end":"2025-01-18","summary":"\ud83c\udf82 Chuck Coxie"},{"start":"2025-01-19","end":"2025-01-20","summary":"Carpe Diem!"},{"start":"2025-01-20","end":"2025-01-21","summary":"M L King Day"},{"start":"2025-01-21","end":"2025-01-22","summary":"\ud83c\udf82 Johnny Taylor's Birthday "},{"start":"2025-02-02","end":"2025-02-03","summary":"Groundhog Day"},{"start":"2025-02-10","end":"2025-02-11","summary":"Insurance Payment"},{"start":"2025-02-11","end":"2025-02-12","summary":"\ud83c\udf82  Dads Birthday"},{"start":"2025-02-14","end":"2025-02-15","summary":"\ud83d\udc98 Valentine's Day"},{"start":"2025-02-17","end":"2025-02-18","summary":"\ud83c\uddfa\ud83c\uddf8 Presidents' Day"},{"start":"2025-02-20","end":"2025-02-21","summary":"\ud83c\udf82 Travis Mitchell's Birthday "},{"start":"2025-03-02","end":"2025-03-03","summary":"\ud83c\udf82 Joe Childers's III Birthday"},{"start":"2025-03-09T03:00:00-05:00","end":"2025-03-09T03:15:00-05:00","summary":"\u23f0 Daylight Savings Time"},{"start":"2025-03-10","end":"2025-03-11","summary":"Insurance Payment"},{"start":"2025-03-11","end":"2025-03-12","summary":"\ud83c\udf82  Zach Taylor's Birthday"},{"start":"2025-03-15","end":"2025-03-16","summary":"\ud83c\udf82  Earl Estep's Birthday"},{"start":"2025-03-17","end":"2025-03-18","summary":"\ud83c\udf40 St. Patricks day"},{"start":"2025-03-18","end":"2025-03-19","summary":"\ud83c\udf82  Katie Taylor's Birthday"},{"start":"2025-03-22","end":"2025-03-23","summary":"\ud83c\udf82  Kathy Clark's Birthday"},{"start":"2025-04-01","end":"2025-04-02","summary":"April Fools' Day"},{"start":"2025-04-10","end":"2025-04-11","summary":"Insurance Payment"},{"start":"2025-04-13","end":"2025-04-14","summary":"\ud83c\udf82  Nick Taylor's Birthday"},{"start":"2025-04-13","end":"2025-04-14","summary":"Thomas Jefferson's Birthday"},{"start":"2025-04-22","end":"2025-04-23","summary":"\u267b Earth Day"},{"start":"2025-04-28","end":"2025-04-29","summary":"\ud83c\udf82  Bridget Hemmeline's Birthday"},{"start":"2025-05-01","end":"2025-05-02","summary":"May Day"},{"start":"2025-05-04","end":"2025-05-05","summary":"\ud83c\udf82  Chase Taylor's Birthday"},{"start":"2025-05-05","end":"2025-05-06","summary":"\ud83c\uddf2\ud83c\uddfd Cinco De Mayo"},{"start":"2025-05-10","end":"2025-05-11","summary":"Insurance Payment"},{"start":"2025-05-11","end":"2025-05-12","summary":"\ud83c\udf3a Mother's Day"},{"start":"2025-05-26","end":"2025-05-27","summary":"\ud83c\uddfa\ud83c\uddf8 Memorial Day"},{"start":"2025-05-28","end":"2025-05-29","summary":"Brad"},{"start":"2025-06-06","end":"2025-06-07","summary":"\ud83c\uddfa\ud83c\uddf8 D-Day"},{"start":"2025-06-10","end":"2025-06-11","summary":"Insurance Payment"},{"start":"2025-06-14","end":"2025-06-15","summary":"\ud83c\uddfa\ud83c\uddf8 Flag Day"},{"start":"2025-06-15","end":"2025-06-16","summary":"\ud83c\udf7a Father's Day"},{"start":"2025-06-23","end":"2025-06-24","summary":"\ud83c\udf82  David Mounts's Birthday"},{"start":"2025-07-04","end":"2025-07-05","summary":"\ud83c\uddfa\ud83c\uddf8 Independence Day"},{"start":"2025-07-08","end":"2025-07-09","summary":"\ud83c\udf82  Grandma Tidwell's Birthday"},{"start":"2025-07-10","end":"2025-07-11","summary":"Insurance Payment"},{"start":"2025-08-05","end":"2025-08-06","summary":"\ud83c\udf82  Jennifer Taylor's Birthday"},{"start":"2025-08-06","end":"2025-08-07","summary":"\ud83c\udf82 Chase Taylor's Birthday"},{"start":"2025-08-06","end":"2025-08-07","summary":"\ud83c\udf82  Christine Guidroiz's Birthday"},{"start":"2025-08-07","end":"2025-08-08","summary":"Purple Heart Day"},{"start":"2025-08-09","end":"2025-08-10","summary":"\ud83c\udf82  Natalie Taylor's Birthday"},{"start":"2025-08-10","end":"2025-08-11","summary":"Insurance Payment"},{"start":"2025-09-01","end":"2025-09-02","summary":"\ud83c\udf82  Susan Oneil's Birthday"},{"start":"2025-09-01","end":"2025-09-02","summary":"\ud83c\uddfa\ud83c\uddf8 Labor Day"},{"start":"2025-09-04","end":"2025-09-05","summary":"\ud83c\udf82  Sheri McNiel's Birthday"},{"start":"2025-09-06","end":"2025-09-07","summary":"\ud83c\udf82  Angie Clark's Birthday"},{"start":"2025-09-10","end":"2025-09-11","summary":"Insurance Payment"},{"start":"2025-09-11","end":"2025-09-12","summary":"\ud83c\uddfa\ud83c\uddf8 September 11th (Patriot Day)"},{"start":"2025-09-12","end":"2025-09-13","summary":"Carpe Diem!"},{"start":"2025-09-21","end":"2025-09-22","summary":"\ud83c\udf82  Diane Tweedle's Birthday"},{"start":"2025-09-23","end":"2025-09-24","summary":"\ud83c\udf82  Misty Guidroz's Birthday"},{"start":"2025-10-03","end":"2025-10-04","summary":"\ud83c\udf82  Murline Staley's Birthday"},{"start":"2025-10-09","end":"2025-10-10","summary":"\ud83c\udf82  Brad,Nathan Brenda Taylor's Birthday"},{"start":"2025-10-10","end":"2025-10-11","summary":"Insurance Payment"},{"start":"2025-10-16T00:00:00-05:00","end":"2025-10-17T00:00:00-05:00","summary":"Dad"},{"start":"2025-10-26","end":"2025-10-27","summary":"\ud83c\udf82  Cindy Mitchell's Birthday"}]