{"metadata":{"next":null},"alerts":[{"detailKey":"9b489499-5a7a-35fa-b8cc-fb6c3ca837d3","messageTypeCode":1,"messageType":"New","productIdentifier":"AQA","phenomena":"TAQ","significance":"L","eventTrackingNumber":"0000","officeCode":"KHGX","officeName":"Houston/Galveston","officeAdminDistrict":"Texas","officeAdminDistrictCode":"TX","officeCountryCode":"US","eventDescription":"Air Quality Alert","severityCode":4,"severity":"Minor","categories":[{"category":"Met","categoryCode":2}],"responseTypes":[{"responseType":"Avoid","responseTypeCode":5}],"urgency":"Unknown","urgencyCode":5,"certainty":"Unknown","certaintyCode":5,"effectiveTimeLocal":null,"effectiveTimeLocalTimeZone":null,"expireTimeLocal":"2023-10-21T19:00:00-05:00","expireTimeLocalTimeZone":"CDT","expireTimeUTC":1697932800,"onsetTimeLocal":null,"onsetTimeLocalTimeZone":null,"flood":null,"areaTypeCode":"Z","latitude":29.63,"longitude":-95.06,"areaId":"TXZ313","areaName":"Coastal Harris County","ianaTimeZone":"America/Chicago","adminDistrictCode":"TX","adminDistrict":"Texas","countryCode":"US","countryName":"UNITED STATES OF AMERICA","headlineText":"Air Quality Alert until SAT 7:00 PM CDT","source":"National Weather Service","disclaimer":null,"issueTimeLocal":"2023-10-20T14:54:00-05:00","issueTimeLocalTimeZone":"CDT","identifier":"6232d6dddf121be57eaf166b3abdd44a","processTimeUTC":1697831704,"endTimeLocal":"2023-10-21T19:00:00-05:00","endTimeLocalTimeZone":"CDT","endTimeUTC":1697932800,"displayRank":341}]}