{"cloudCeiling":null,"cloudCoverPhrase":"Partly Cloudy","dayOfWeek":"Saturday","dayOrNight":"N","expirationTimeUtc":1697867721,"iconCode":33,"iconCodeExtend":3300,"obsQualifierCode":null,"obsQualifierSeverity":null,"precip1Hour":0.00,"precip6Hour":0.00,"precip24Hour":0.00,"pressureAltimeter":29.90,"pressureChange":0.01,"pressureMeanSeaLevel":1012.6,"pressureTendencyCode":1,"pressureTendencyTrend":"Rising","relativeHumidity":84,"snow1Hour":0.0,"snow6Hour":0.0,"snow24Hour":0.0,"sunriseTimeLocal":"2023-10-21T07:25:31-0500","sunriseTimeUtc":1697891131,"sunsetTimeLocal":"2023-10-21T18:43:54-0500","sunsetTimeUtc":1697931834,"temperature":67,"temperatureChange24Hour":-2,"temperatureDewPoint":62,"temperatureFeelsLike":67,"temperatureHeatIndex":67,"temperatureMax24Hour":92,"temperatureMaxSince7Am":92,"temperatureMin24Hour":62,"temperatureWindChill":67,"uvDescription":"Low","uvIndex":0,"validTimeLocal":"2023-10-21T00:45:21-0500","validTimeUtc":1697867121,"visibility":10.000,"windDirection":240,"windDirectionCardinal":"WSW","windGust":null,"windSpeed":5,"wxPhraseLong":"Fair","wxPhraseMedium":"Fair","wxPhraseShort":"Fair"}