{"calendarDayTemperatureMax":[94,95,94,93,95,96],"calendarDayTemperatureMin":[73,76,75,77,78,79],"dayOfWeek":["Saturday","Sunday","Monday","Tuesday","Wednesday","Thursday"],"expirationTimeUtc":[1686427378,1686427378,1686427378,1686427378,1686427378,1686427378],"moonPhase":["Last Quarter","Waning Crescent","Waning Crescent","Waning Crescent","Waning Crescent","Waning Crescent"],"moonPhaseCode":["LQ","WNC","WNC","WNC","WNC","WNC"],"moonPhaseDay":[22,23,24,25,26,27],"moonriseTimeLocal":["2023-06-10T01:31:52-0500","2023-06-11T02:04:40-0500","2023-06-12T02:35:42-0500","2023-06-13T03:06:07-0500","2023-06-14T03:38:15-0500","2023-06-15T04:13:40-0500"],"moonriseTimeUtc":[1686378712,1686467080,1686555342,1686643567,1686731895,1686820420],"moonsetTimeLocal":["2023-06-10T13:11:01-0500","2023-06-11T14:14:18-0500","2023-06-12T15:15:30-0500","2023-06-13T16:17:09-0500","2023-06-14T17:18:25-0500","2023-06-15T18:20:54-0500"],"moonsetTimeUtc":[1686420661,1686510858,1686600930,1686691029,1686781105,1686871254],"narrative":["Mostly cloudy. Highs in the mid 90s and lows in the mid 70s.","Mostly sunny. Highs in the mid 90s and lows in the mid 70s.","Mix of sun and clouds. Highs in the mid 90s and lows in the upper 70s.","Plenty of sun. Highs in the low 90s and lows in the upper 70s.","Partly cloudy. Highs in the mid 90s and lows in the upper 70s.","Plenty of sun. Highs in the mid 90s and lows in the upper 70s."],"qpf":[0.03,0.0,0.0,0.0,0.0,0.0],"qpfSnow":[0.0,0.0,0.0,0.0,0.0,0.0],"sunriseTimeLocal":["2023-06-10T06:19:35-0500","2023-06-11T06:19:35-0500","2023-06-12T06:19:36-0500","2023-06-13T06:19:38-0500","2023-06-14T06:19:42-0500","2023-06-15T06:19:47-0500"],"sunriseTimeUtc":[1686395975,1686482375,1686568776,1686655178,1686741582,1686827987],"sunsetTimeLocal":["2023-06-10T20:20:25-0500","2023-06-11T20:20:49-0500","2023-06-12T20:21:12-0500","2023-06-13T20:21:35-0500","2023-06-14T20:21:56-0500","2023-06-15T20:22:16-0500"],"sunsetTimeUtc":[1686446425,1686532849,1686619272,1686705695,1686792116,1686878536],"temperatureMax":[94,95,94,93,95,96],"temperatureMin":[76,75,77,78,79,79],"validTimeLocal":["2023-06-10T07:00:00-0500","2023-06-11T07:00:00-0500","2023-06-12T07:00:00-0500","2023-06-13T07:00:00-0500","2023-06-14T07:00:00-0500","2023-06-15T07:00:00-0500"],"validTimeUtc":[1686398400,1686484800,1686571200,1686657600,1686744000,1686830400],"daypart":[{"cloudCover":[71,38,24,19,17,30,29,34,38,44,35,40],"dayOrNight":["D","N","D","N","D","N","D","N","D","N","D","N"],"daypartName":["Today","Tonight","Tomorrow","Tomorrow night","Monday","Monday night","Tuesday","Tuesday night","Wednesday","Wednesday night","Thursday","Thursday night"],"iconCode":[26,47,34,33,30,29,34,29,30,29,34,29],"iconCodeExtend":[2600,6200,3400,3300,3000,2900,3400,2900,3000,2900,3400,2900],"narrative":["Cloudy skies. A stray shower or thunderstorm is possible. High 94F. Winds S at 10 to 20 mph.","Scattered thunderstorms during the evening. Partly cloudy skies after midnight. A few storms may be severe. Low 76F. Winds S at 10 to 15 mph. Chance of rain 40%.","Sun and a few passing clouds. High around 95F. Winds SSW at 10 to 20 mph.","Clear skies. Low near 75F. Winds SSW at 10 to 20 mph.","Some clouds in the morning will give way to mainly sunny skies for the afternoon. High 94F. Winds S at 10 to 20 mph.","A few clouds. Low 77F. Winds S at 10 to 15 mph.","A few passing clouds, otherwise generally sunny. High 93F. Winds S at 10 to 20 mph.","Partly cloudy skies. Low 78F. Winds S at 10 to 20 mph.","Sunshine and clouds mixed. High near 95F. Winds S at 10 to 20 mph.","A few clouds. Low 79F. Winds S at 10 to 20 mph.","Sun and a few passing clouds. High 96F. Winds S at 10 to 20 mph.","Partly cloudy skies. Low 79F. Winds S at 10 to 20 mph."],"precipChance":[15,36,8,13,10,7,6,7,11,16,7,7],"precipType":["rain","rain","rain","rain","rain","rain","rain","rain","rain","rain","rain","rain"],"qpf":[0.0,0.03,0.0,0.0,0.0,0.0,0.0,0.0,0.0,0.0,0.0,0.0],"qpfSnow":[0.0,0.0,0.0,0.0,0.0,0.0,0.0,0.0,0.0,0.0,0.0,0.0],"qualifierCode":["Q8001","Q8010",null,null,null,null,null,null,null,null,null,null],"qualifierPhrase":["A stray shower or thunderstorm is possible.","A few storms may be severe.",null,null,null,null,null,null,null,null,null,null],"relativeHumidity":[53,82,63,83,65,82,63,82,63,83,62,83],"snowRange":["","","","","","","","","","","",""],"temperature":[94,76,95,75,94,77,93,78,95,79,96,79],"temperatureHeatIndex":[102,93,105,97,102,94,101,93,104,97,106,99],"temperatureWindChill":[89,76,78,75,77,77,78,78,79,79,80,79],"thunderCategory":["Thunder possible","Severe thunderstorms possible","No thunder","No thunder","No thunder","No thunder","No thunder","No thunder","No thunder","No thunder","No thunder","No thunder"],"thunderIndex":[1,3,0,0,0,0,0,0,0,0,0,0],"uvDescription":["High","Low","Extreme","Low","Extreme","Low","Extreme","Low","Extreme","Low","Extreme","Low"],"uvIndex":[7,0,11,0,11,0,11,0,11,0,11,0],"windDirection":[178,183,198,199,182,174,182,186,190,190,187,188],"windDirectionCardinal":["S","S","SSW","SSW","S","S","S","S","S","S","S","S"],"windPhrase":["Winds S at 10 to 20 mph.","Winds S at 10 to 15 mph.","Winds SSW at 10 to 20 mph.","Winds SSW at 10 to 20 mph.","Winds S at 10 to 20 mph.","Winds S at 10 to 15 mph.","Winds S at 10 to 20 mph.","Winds S at 10 to 20 mph.","Winds S at 10 to 20 mph.","Winds S at 10 to 20 mph.","Winds S at 10 to 20 mph.","Winds S at 10 to 20 mph."],"windSpeed":[15,11,14,14,14,13,17,15,17,15,16,14],"wxPhraseLong":["Cloudy","Thunderstorms Early","Mostly Sunny","Mostly Clear","Partly Cloudy","Partly Cloudy","Mostly Sunny","Partly Cloudy","Partly Cloudy","Partly Cloudy","Mostly Sunny","Partly Cloudy"],"wxPhraseShort":["Cloudy","T-Storms","M Sunny","M Clear","P Cloudy","P Cloudy","M Sunny","P Cloudy","P Cloudy","P Cloudy","M Sunny","P Cloudy"]}]}