{"cloudCeiling":null,"cloudCoverPhrase":"Partly Cloudy","dayOfWeek":"Saturday","dayOrNight":"D","expirationTimeUtc":1686427588,"iconCode":30,"iconCodeExtend":3000,"obsQualifierCode":"OQ1065","obsQualifierSeverity":4,"precip1Hour":0.00,"precip6Hour":0.00,"precip24Hour":0.00,"pressureAltimeter":29.80,"pressureChange":-0.04,"pressureMeanSeaLevel":1008.9,"pressureTendencyCode":2,"pressureTendencyTrend":"Falling","relativeHumidity":51,"snow1Hour":0.0,"snow6Hour":0.0,"snow24Hour":0.0,"sunriseTimeLocal":"2023-06-10T06:19:36-0500","sunriseTimeUtc":1686395976,"sunsetTimeLocal":"2023-06-10T20:20:29-0500","sunsetTimeUtc":1686446429,"temperature":94,"temperatureChange24Hour":3,"temperatureDewPoint":74,"temperatureFeelsLike":106,"temperatureHeatIndex":106,"temperatureMax24Hour":94,"temperatureMaxSince7Am":94,"temperatureMin24Hour":74,"temperatureWindChill":94,"uvDescription":"Very High","uvIndex":8,"validTimeLocal":"2023-06-10T14:56:28-0500","validTimeUtc":1686426988,"visibility":10.000,"windDirection":200,"windDirectionCardinal":"SSW","windGust":21,"windSpeed":14,"wxPhraseLong":"Partly Cloudy","wxPhraseMedium":"Partly Cloudy","wxPhraseShort":"P Cloudy"}