<?xml version="1.0" encoding="UTF-8"?>
<kcfg xmlns="http://www.kde.org/standards/kcfg/1.0"
      xmlns:xsi="http://www.w3.org/2001/XMLSchema-instance"
      xsi:schemaLocation="http://www.kde.org/standards/kcfg/1.0
      http://www.kde.org/standards/kcfg/1.0/kcfg.xsd" >
  <kcfgfile name=""/>

    <group name="General">
        <entry name="showFace" type="Bool">
            <default>true</default>
        </entry>
        <entry name="showName" type="Bool">
            <default>false</default>
        </entry>
        <entry name="showFullName" type="Bool">
            <default>true</default>
        </entry>
        <entry name="showTechnicalInfo" type="Bool">
            <default>false</default>
        </entry>
        <entry name="icon" type="String">
            <default>system-shutdown</default>
        </entry>
        <entry name="widgetIconSize" type="int">
            <default>0</default>
        </entry>
        <entry name="widgetListIconSize" type="int">
            <default>2</default>
        </entry>
        <entry name="showLockScreen" type="Bool">
            <default>true</default>
        </entry>
        <entry name="showNewSession" type="Bool">
            <default>true</default>
        </entry>
        <entry name="showUsers" type="Bool">
            <default>true</default>
        </entry>
        <entry name="leaveDirectly" type="Bool">
            <default>true</default>
        </entry>
    </group>

    <group name="Appearance">
        <entry name="usesPlasmaTheme" type="Bool">
            <default>true</default>
        </entry>
        <entry name="usesPlasmaThemeListIcon" type="Bool">
            <default>true</default>
        </entry>
        <entry name="widgetIconSize" type="int">
            <default>0</default>
        </entry>
        <entry name="widgetListIconSize" type="int">
            <default>0</default>
        </entry>
        <entry name="textUnderIcon" type="Bool">
            <default>false</default>
        </entry>
        <entry name="showText" type="Bool">
            <default>true</default>
        </entry>
        <entry name="margins" type="int">
            <default>10</default>
        </entry>
    </group>

</kcfg>
